BANCOSEMEAR GRANJA;BS0021;2018/11/19;Em Uso
BANCOSEMEAR GRANJA;BS0022;2018/11/19;Em Uso
BANCOSEMEAR GRANJA;BS0023;2018/11/19;Em Uso
BANCOSEMEAR GRANJA;BS0024;2018/11/19;Em Uso
BANCOSEMEAR GRANJA;BS0025;2018/11/19;Em Uso
BANCOSEMEAR GRANJA;BS0026;2018/11/19;Em Uso
BANCOSEMEAR GRANJA;BS0027;2018/11/19;Em Uso
BANCOSEMEAR GRANJA;BS0028;2018/11/19;Em Uso
BANCOSEMEAR GRANJA;BS0030;2018/11/19;Em Uso
BANCOSEMEAR GRANJA;BS0031;2018/11/19;Em Uso
BANCOSEMEAR GRANJA;BS0032;2018/11/19;Em Uso
BANCOSEMEAR GRANJA;BS0033;2018/11/19;Em Uso
BANCOSEMEAR GRANJA;BS0034;2018/11/19;Em Uso
BANCOSEMEAR GRANJA;BS0035;2018/11/19;Em Uso
BANCOSEMEAR GRANJA;BS0036;2018/11/19;Em Uso
BANCOSEMEAR GRANJA;BS0037;2018/11/19;Em Uso
BANCOSEMEAR GRANJA;BS0038;2018/11/19;Em Uso
BANCOSEMEAR GRANJA;BS0039;2018/11/19;Em Uso
BANCOSEMEAR GRANJA;BS0040;2018/11/19;Em Uso
BANCOSEMEAR GRANJA;BS0043;2018/11/19;Em Uso
BANCOSEMEAR GRANJA;BS0044;2018/11/19;Em Uso
BANCOSEMEAR GRANJA;BS0045;2018/11/19;Em Uso
BANCOSEMEAR GRANJA;BS0046;2018/11/19;Em Uso
BANCOSEMEAR GRANJA;BS0047;2018/11/19;Em Uso
BANCOSEMEAR GRANJA;BS0048;2018/11/19;Em Uso
BANCOSEMEAR GRANJA;BS0049;2018/11/19;Em Uso
BANCOSEMEAR GRANJA;BS0050;2018/11/19;Em Uso
BANCOSEMEAR GRANJA;BS0051;2018/11/19;Em Uso
BANCOSEMEAR GRANJA;BS0052;2018/11/19;Em Uso
BANCOSEMEAR GRANJA;BS0053;2018/11/19;Em Uso
BANCOSEMEAR GRANJA;BS0054;2018/11/19;Em Uso
BANCOSEMEAR GRANJA;BS0055;2018/11/19;Em Uso
BANCOSEMEAR GRANJA;BS0056;2018/11/19;Em Uso
BANCOSEMEAR GRANJA;BS0057;2018/11/19;Em Uso
BANCOSEMEAR GRANJA;BS0058;2018/11/19;Em Uso
BANCOSEMEAR GRANJA;BS0059;2018/11/19;Em Uso
BANCOSEMEAR GRANJA;BS0060;2018/11/19;Em Uso
BANCOSEMEAR GRANJA;BS0061;2018/11/19;Em Uso
BANCOSEMEAR GRANJA;BS0062;2018/11/19;Em Uso
BANCOSEMEAR GRANJA;BS0063;2018/11/19;Em Uso
BANCOSEMEAR GRANJA;BS0065;2018/11/19;Em Uso
BANCOSEMEAR GRANJA;BS0066;2018/11/19;Em Uso
BANCOSEMEAR GRANJA;BS0067;2018/11/19;Em Uso
BANCOSEMEAR GRANJA;BS0068;2018/11/19;Em Uso
BANCOSEMEAR GRANJA;BS0069;2018/11/19;Em Uso
BANCOSEMEAR GRANJA;BS0070;2018/11/19;Em Uso
BANCOSEMEAR GRANJA;BS0078;2018/11/19;Em Uso
BANCOSEMEAR GRANJA;BS0079;2018/11/19;Em Uso
BANCOSEMEAR GRANJA;BS0080;2018/11/19;Em Uso
BANCOSEMEAR GRANJA;BS0081;2018/11/19;Em Uso
BANCOSEMEAR GRANJA;BS0082;2018/11/19;Em Uso
BANCOSEMEAR GRANJA;BS0083;2018/11/19;Em Uso
BANCOSEMEAR GRANJA;BS0084;2018/11/19;Em Uso
BANCOSEMEAR GRANJA;BS0086;2018/11/19;Em Uso
BANCOSEMEAR GRANJA;BS0087;2018/11/19;Em Uso
BANCOSEMEAR GRANJA;BS0088;2018/11/19;Em Uso
BANCOSEMEAR GRANJA;BS0089;2018/11/19;Em Uso
BANCOSEMEAR GRANJA;BS0090;2018/11/19;Em Uso
BANCOSEMEAR GRANJA;BS0110;2018/11/19;Em Uso
BANCOSEMEAR GRANJA;BS0111;2018/11/19;Em Uso
BANCOSEMEAR GRANJA;BS0112;2018/11/19;Em Uso
BANCOSEMEAR GRANJA;BS0113;2018/11/19;Em Uso
BANCOSEMEAR GRANJA;BS0114;2018/11/19;Em Uso
BANCOSEMEAR GRANJA;BS0115;2018/11/19;Em Uso
BANCOSEMEAR GRANJA;BS0116;2018/11/19;Em Uso
BANCOSEMEAR GRANJA;BS0142;2018/11/19;Em Uso
BANCOSEMEAR GRANJA;BS0143;2018/11/19;Em Uso
BANCOSEMEAR GRANJA;BS0144;2018/11/19;Em Uso
BANCOSEMEAR GRANJA;BS0152;2018/11/19;Em Uso
BANCOSEMEAR GRANJA;BS0153;2018/11/19;Em Uso
BANCOSEMEAR GRANJA;BS0154;2018/11/19;Em Uso
BANCOSEMEAR GRANJA;BS0155;2018/11/19;Em Uso
BANCOSEMEAR GRANJA;BS0156;2018/11/19;Em Uso
BANCOSEMEAR GRANJA;BS0157;2018/11/19;Em Uso
BANCOSEMEAR GRANJA;BS0171;2018/11/19;Em Uso
BANCOSEMEAR GRANJA;BS0172;2018/11/19;Em Uso
BANCOSEMEAR GRANJA;BS0174;2018/11/19;Em Uso
BANCOSEMEAR GRANJA;BS0175;2018/11/19;Em Uso
BANCOSEMEAR GRANJA;BS0176;2018/11/19;Em Uso
BANCOSEMEAR GRANJA;BS0181;2018/11/19;Em Uso
BANCOSEMEAR GRANJA;BS0182;2018/11/19;Em Uso
BANCOSEMEAR GRANJA;BS0183;2018/11/19;Em Uso
BANCOSEMEAR GRANJA;BS0184;2018/11/19;Em Uso
BANCOSEMEAR GRANJA;BS0185;2018/11/19;Em Uso
BANCOSEMEAR GRANJA;BS0186;2018/11/19;Em Uso
BANCOSEMEAR GRANJA;BS0187;2018/11/19;Em Uso
BANCOSEMEAR GRANJA;BS0188;2018/11/19;Em Uso
BANCOSEMEAR GRANJA;BS0189;2018/11/19;Em Uso
BANCOSEMEAR GRANJA;BS0190;2018/11/19;Em Uso
BANCOSEMEAR GRANJA;BS0191;2018/11/19;Em Uso
BANCOSEMEAR GRANJA;BS0192;2018/11/19;Em Uso
BANCOSEMEAR GRANJA;BS0193;2018/11/19;Em Uso
BANCOSEMEAR GRANJA;BS0195;2018/11/19;Em Uso
BANCOSEMEAR GRANJA;BS0196;2018/11/19;Em Uso
BANCOSEMEAR GRANJA;BS0197;2018/11/19;Em Uso
BANCOSEMEAR GRANJA;BS0198;2018/11/19;Em Uso
BANCOSEMEAR GRANJA;BS0199;2018/11/19;Em Uso
BANCOSEMEAR GRANJA;BS0206L5;2018/11/19;Em Uso
BANCOSEMEAR 238;BS0207L5;2018/11/19;Em Uso
BANCOSEMEAR 238;BS0208L5;2018/11/19;Em Uso
BANCOSEMEAR 238;BS0209L5;2018/11/19;Em Uso
BANCOSEMEAR 238;BS0210L5;2018/11/19;Em Uso
BANCOSEMEAR 238;BS0211L5;2018/11/19;Em Uso
BANCOSEMEAR 238;BS0212L5;2018/11/19;Em Uso
BANCOSEMEAR 238;BS0213L5;2018/11/19;Em Uso
BANCOSEMEAR 238;BS0214L5;2018/11/19;Em Uso
BANCOSEMEAR 238;BS0215L5;2018/11/19;Em Uso
BANCOSEMEAR 238;BS0216L5;2018/11/19;Em Uso
BANCOSEMEAR 238;BS0217L5;2018/11/19;Em Uso
BANCOSEMEAR 238;BS0218L5;2018/11/19;Em Uso
BANCOSEMEAR 238;BS0219L5;2018/11/19;Em Uso
BANCOSEMEAR 238;BS0266;2018/11/19;Em Uso
BANCOSEMEAR 238;BS0267;2018/11/19;Em Uso
BANCOSEMEAR 238;BS0268;2018/11/19;Em Uso
BANCOSEMEAR 238;BS0269;2018/11/19;Em Uso
BANCOSEMEAR 238;BS0270;2018/11/19;Em Uso
BANCOSEMEAR 238;BS0271;2018/11/19;Em Uso
BANCOSEMEAR 238;BS0272;2018/11/19;Em Uso
BANCOSEMEAR 238;BS0273;2018/11/19;Em Uso
BANCOSEMEAR 238;BS0274;2018/11/19;Disponivel
BANCOSEMEAR 238;BS0275;2018/11/19;Disponivel
BANCOSEMEAR 238;BS0276;2018/11/19;Disponivel
BANCOSEMEAR 238;BS0277;2018/11/19;Disponivel
BANCOSEMEAR 238;BS0278;2018/11/19;Disponivel
BANCOSEMEAR 238;BS0279;2018/11/19;Disponivel
BANCOSEMEAR 238;BS0280;2018/11/19;Disponivel
BANCOSEMEAR 238;BS0281;2018/11/19;Disponivel
BANCOSEMEAR 238;BS0282;2018/11/19;Disponivel
BANCOSEMEAR 238;BS0283;2018/11/19;Disponivel
BANCOSEMEAR 238;BS0284;2018/11/19;Disponivel
BANCOSEMEAR 238;BS0285;2018/11/19;Disponivel
BANCOSEMEAR 238;BS0001L5;2018/11/19;Em Uso
BANCOSEMEAR 238;BS0002L5;2018/11/19;Em Uso
BANCOSEMEAR 238;BS0003L5;2018/11/19;Em Uso
BANCOSEMEAR 238;BS0004L5;2018/11/19;Em Uso
BANCOSEMEAR 238;BS0005L5;2018/11/19;Em Uso
BANCOSEMEAR 238;BS0006L5;2018/11/19;Em Uso
BANCOSEMEAR 238;BS0007L5;2018/11/19;Em Uso
BANCOSEMEAR 238;BS0008L5;2018/11/19;Em Uso
BANCOSEMEAR 238;BS0009L5;2018/11/19;Em Uso
BANCOSEMEAR 238;BS0010L5;2018/11/19;Em Uso
BANCOSEMEAR 238;BS0011L5;2018/11/19;Em Uso
BANCOSEMEAR 238;BS0012L5;2018/11/19;Em Uso
BANCOSEMEAR 238;BS0013L5;2018/11/19;Em Uso
BANCOSEMEAR 238;BS0014L5;2018/11/19;Em Uso
BANCOSEMEAR 238;BS0015L5;2018/11/19;Em Uso
BANCOSEMEAR 238;BS0016L5;2018/11/19;Em Uso
BANCOSEMEAR 238;BS0017L5;2018/11/19;Em Uso
BANCOSEMEAR 238;BS0018L5;2018/11/19;Em Uso
BANCOSEMEAR 238;BS0019L5;2018/11/19;Em Uso
BANCOSEMEAR 238;BS0020L5;2018/11/19;Em Uso
BANCOSEMEAR 238;BS0029L5;2018/11/19;Em Uso
BANCOSEMEAR 238;BS0041L5;2018/11/19;Em Uso
BANCOSEMEAR 238;BS0042L5;2018/11/19;Em Uso
BANCOSEMEAR 238;BS0064L5;2018/11/19;Em Uso
BANCOSEMEAR 238;BS0071L5;2018/11/19;Em Uso
BANCOSEMEAR 238;BS0072L5;2018/11/19;Em Uso
BANCOSEMEAR 238;BS0073L5;2018/11/19;Em Uso
BANCOSEMEAR 238;BS0074L5;2018/11/19;Em Uso
BANCOSEMEAR 238;BS0075L5;2018/11/19;Em Uso
BANCOSEMEAR 238;BS0076L5;2018/11/19;Em Uso
BANCOSEMEAR 238;BS0077L5;2018/11/19;Em Uso
BANCOSEMEAR 238;BS0085L5;2018/11/19;Em Uso
BANCOSEMEAR 238;BS0091L5;2018/11/19;Em Uso
BANCOSEMEAR 238;BS0092L5;2018/11/19;Em Uso
BANCOSEMEAR 238;BS0093L5;2018/11/19;Em Uso
BANCOSEMEAR 238;BS0094L5;2018/11/19;Em Uso
BANCOSEMEAR 238;BS0095L5;2018/11/19;Em Uso
BANCOSEMEAR 238;BS0096L5;2018/11/19;Em Uso
BANCOSEMEAR 238;BS0097L5;2018/11/19;Em Uso
BANCOSEMEAR 238;BS0098L5;2018/11/19;Em Uso
BANCOSEMEAR 238;BS0099L5;2018/11/19;Em Uso
BANCOSEMEAR 238;BS0100L5;2018/11/19;Em Uso
BANCOSEMEAR 238;BS0101L5;2018/11/19;Em Uso
BANCOSEMEAR 238;BS0102L5;2018/11/19;Em Uso
BANCOSEMEAR 238;BS0103L5;2018/11/19;Em Uso
BANCOSEMEAR 238;BS0104L5;2018/11/19;Em Uso
BANCOSEMEAR 238;BS0105L5;2018/11/19;Em Uso
BANCOSEMEAR 238;BS0106L5;2018/11/19;Em Uso
BANCOSEMEAR 238;BS0107L5;2018/11/19;Em Uso
BANCOSEMEAR 238;BS0108L5;2018/11/19;Em Uso
BANCOSEMEAR 238;BS0109L5;2018/11/19;Em Uso
BANCOSEMEAR 238;BS0117L5;2018/11/19;Em Uso
BANCOSEMEAR 238;BS0118L5;2018/11/19;Em Uso
BANCOSEMEAR 238;BS0119L5;2018/11/19;Em Uso
BANCOSEMEAR 238;BS0120L5;2018/11/19;Em Uso
BANCOSEMEAR 238;BS0121L5;2018/11/19;Em Uso
BANCOSEMEAR 238;BS0122L5;2018/11/19;Em Uso
BANCOSEMEAR 238;BS0123L5;2018/11/19;Em Uso
BANCOSEMEAR 238;BS0124L5;2018/11/19;Em Uso
BANCOSEMEAR 238;BS0125L5;2018/11/19;Em Uso
BANCOSEMEAR 238;BS0126L5;2018/11/19;Em Uso
BANCOSEMEAR 238;BS0127L5;2018/11/19;Em Uso
BANCOSEMEAR 238;BS0128L5;2018/11/19;Em Uso
BANCOSEMEAR 238;BS0129L5;2018/11/19;Em Uso
BANCOSEMEAR 238;BS0130L5;2018/11/19;Em Uso
BANCOSEMEAR 238;BS0131L5;2018/11/19;Em Uso
BANCOSEMEAR 238;BS0132L5;2018/11/19;Em Uso
BANCOSEMEAR 238;BS0133L5;2018/11/19;Em Uso
BANCOSEMEAR 238;BS0134L5;2018/11/19;Em Uso
BANCOSEMEAR 238;BS0135L5;2018/11/19;Em Uso
BANCOSEMEAR 238;BS0136L5;2018/11/19;Em Uso
BANCOSEMEAR 238;BS0137L5;2018/11/19;Em Uso
BANCOSEMEAR 238;BS0138L5;2018/11/19;Em Uso
BANCOSEMEAR 238;BS0139L5;2018/11/19;Em Uso
BANCOSEMEAR 238;BS0140L5;2018/11/19;Em Uso
BANCOSEMEAR 238;BS0141L5;2018/11/19;Em Uso
BANCOSEMEAR 238;BS0145L5;2018/11/19;Em Uso
BANCOSEMEAR 238;BS0146L5;2018/11/19;Em Uso
BANCOSEMEAR 238;BS0147L5;2018/11/19;Em Uso
BANCOSEMEAR 238;BS0148L5;2018/11/19;Em Uso
BANCOSEMEAR 238;BS0149L5;2018/11/19;Em Uso
BANCOSEMEAR 238;BS0150L5;2018/11/19;Em Uso
BANCOSEMEAR 238;BS0151L5;2018/11/19;Em Uso
BANCOSEMEAR 238;BS0158L5;2018/11/19;Em Uso
BANCOSEMEAR 238;BS0159L5;2018/11/19;Em Uso
BANCOSEMEAR 238;BS0160L5;2018/11/19;Em Uso
BANCOSEMEAR 238;BS0161L5;2018/11/19;Em Uso
BANCOSEMEAR 238;BS0162L5;2018/11/19;Em Uso
BANCOSEMEAR 238;BS0163L5;2018/11/19;Em Uso
BANCOSEMEAR 238;BS0164L5;2018/11/19;Em Uso
BANCOSEMEAR 238;BS0165L5;2018/11/19;Em Uso
BANCOSEMEAR 238;BS0166L5;2018/11/19;Em Uso
BANCOSEMEAR 238;BS0167L5;2018/11/19;Em Uso
BANCOSEMEAR 238;BS0168L5;2018/11/19;Em Uso
BANCOSEMEAR 238;BS0169L5;2018/11/19;Em Uso
BANCOSEMEAR 238;BS0170L5;2018/11/19;Em Uso
BANCOSEMEAR 238;BS0173L5;2018/11/19;Em Uso
BANCOSEMEAR 238;BS0177L5;2018/11/19;Em Uso
BANCOSEMEAR 238;BS0178L5;2018/11/19;Em Uso
BANCOSEMEAR 238;BS0179L5;2018/11/19;Em Uso
BANCOSEMEAR 238;BS0180L5;2018/11/19;Em Uso
BANCOSEMEAR 238;BSO194L5;2018/11/19;Em Uso
BANCOSEMEAR 238;BSO200L5;2018/11/19;Em Uso
BANCOSEMEAR 238;BSO201L5;2018/11/19;Em Uso
BANCOSEMEAR 238;BSO202L5;2018/11/19;Em Uso
BANCOSEMEAR 238;BSO203L5;2018/11/19;Em Uso
BANCOSEMEAR 238;BSO204L5;2018/11/19;Em Uso
BANCOSEMEAR 238;BS0220L5;2017/10/23;Em Uso
BANCOSEMEAR 238;BS0221L5;2017/10/23;Em Uso
BANCOSEMEAR 238;BS0222L5;2017/10/23;Em Uso
BANCOSEMEAR 238;BS0223L5;2017/10/23;Em Uso
BANCOSEMEAR 238;BS0224L5;2017/10/23;Em Uso
BANCOSEMEAR 238;BS0225L5;2017/10/23;Em Uso
BANCOSEMEAR 238;BS0226L5;2017/10/23;Em Uso
BANCOSEMEAR 238;BS0227L5;2017/10/23;Em Uso
BANCOSEMEAR 238;BS0228L5;2017/10/23;Em Uso
BANCOSEMEAR 238;BS0229L5;2017/10/23;Em Uso
BANCOSEMEAR 238;BS0230L5;2017/10/23;Em Uso
BANCOSEMEAR 238;BS0231L5;2017/10/23;Em Uso
BANCOSEMEAR 238;BS0232L5;2017/10/23;Em Uso
BANCOSEMEAR 238;BS0233L5;2017/10/23;Em Uso
BANCOSEMEAR 238;BS0234L5;2017/10/23;Em Uso
BANCOSEMEAR 238;BS0235L5;2017/10/23;Em Uso
BANCOSEMEAR 238;BS0236L5;2017/10/23;Em Uso
BANCOSEMEAR 238;BS0237L5;2017/10/23;Em Uso
BANCOSEMEAR 238;BS0238L5;2017/10/23;Em Uso
BANCOSEMEAR 238;BS0239L5;2017/10/23;Em Uso
BANCOSEMEAR 238;BS0240L5;2017/10/23;Em Uso
BANCOSEMEAR 238;BS0241L5;2017/10/23;Em Uso
BANCOSEMEAR 238;BS0242L5;2017/10/23;Em Uso
BANCOSEMEAR 238;BS0243L5;2017/10/23;Em Uso
BANCOSEMEAR 238;BS0244L5;2017/10/23;Em Uso
BANCOSEMEAR 238;BS0245L5;2017/10/23;Em Uso
BANCOSEMEAR 238;BS0246;2017/10/23;Disponivel
BANCOSEMEAR 238;BS0247;2017/10/23;Disponivel
BANCOSEMEAR 238;BS0248;2017/10/23;Disponivel
BANCOSEMEAR 238;BS0249;2017/10/23;Disponivel
BANCOSEMEAR 238;BS0250;2017/10/23;Disponivel
BANCOSEMEAR 238;BS0251;2017/10/23;Disponivel
BANCOSEMEAR 238;BS0252;2017/10/23;Disponivel
BANCOSEMEAR 238;BS0253;2017/10/23;Disponivel
BANCOSEMEAR 238;BS0254;2017/10/23;Disponivel
BANCOSEMEAR 238;BS0255;2017/10/23;Disponivel
BANCOSEMEAR 238;BS0256;2017/10/23;Disponivel
BANCOSEMEAR 238;BS0257;2017/10/23;Disponivel
BANCOSEMEAR 238;BS0258;2017/10/23;Disponivel
BANCOSEMEAR 238;BS0259;2017/10/23;Disponivel
BANCOSEMEAR 238;BS0260;2017/10/23;Disponivel
BANCOSEMEAR 238;BS0261;2017/10/23;Disponivel
BANCOSEMEAR 238;BS0262;2017/10/23;Disponivel
BANCOSEMEAR 238;BS0263;2017/10/23;Disponivel
BANCOSEMEAR 238;BS0264;2017/10/23;Disponivel
